User ID,Project ID,Template ID,Project Initiated At
495,159,6,6/18/2023
159,251,13,6/11/2023
144,383,,6/11/2023
30,150,,6/10/2023
302,317,1,6/13/2023
471,93,,6/13/2023
472,209,10,6/13/2023
18,84,,6/7/2023
76,134,,6/12/2023
27,141,4,6/10/2023
264,90,,6/14/2023
455,297,,6/9/2023
320,14,,6/15/2023
181,221,,6/18/2023
433,196,,6/6/2023
23,274,,6/9/2023
188,142,10,6/3/2023
212,260,,6/16/2023
182,373,,6/19/2023
311,9,1,6/19/2023
207,358,,6/15/2023
427,35,3,6/9/2023
334,66,,6/14/2023
199,47,13,6/8/2023
331,137,,6/4/2023
26,288,,6/15/2023
404,178,,6/15/2023
128,23,,6/20/2023
362,380,,6/4/2023
309,133,,6/10/2023
224,250,2,6/15/2023
410,321,,6/7/2023
322,350,,6/3/2023
156,155,8,6/7/2023
315,249,9,6/9/2023
28,34,,6/5/2023
366,97,10,6/9/2023
255,324,,6/3/2023
391,273,,6/16/2023
306,38,,6/14/2023
56,12,,6/1/2023
482,277,,6/13/2023
14,109,,6/14/2023
78,82,,6/4/2023
84,81,,6/7/2023
352,57,10,6/5/2023
301,104,,6/18/2023
425,113,6,6/14/2023
21,346,,6/20/2023
461,108,,6/16/2023
6,263,,6/5/2023
459,182,15,6/14/2023
140,71,,6/15/2023
283,147,,6/12/2023
147,67,15,6/16/2023
81,149,,6/5/2023
31,220,,6/10/2023
198,258,,6/16/2023
423,122,,6/16/2023
196,308,,6/11/2023
178,239,,6/16/2023
175,311,,6/10/2023
468,245,,6/10/2023
197,42,,6/14/2023
336,360,13,6/3/2023
5,191,,6/6/2023
36,238,,6/7/2023
106,75,,6/14/2023
233,168,9,6/11/2023
236,197,7,6/5/2023
94,385,,6/7/2023
251,378,4,6/12/2023
195,329,12,6/3/2023
395,80,11,6/8/2023
487,364,,6/5/2023
417,177,3,6/11/2023
191,203,,6/16/2023
498,187,,6/5/2023
436,26,,6/14/2023
494,53,,6/17/2023
88,63,,6/5/2023
448,214,13,6/8/2023
339,253,,6/13/2023
278,112,,6/14/2023
213,377,6,6/16/2023
299,233,,6/17/2023
32,114,,6/19/2023
91,257,5,6/12/2023
150,49,,6/5/2023
294,28,,6/12/2023
136,146,,6/9/2023
126,261,,6/4/2023
452,226,,6/3/2023
351,340,,6/18/2023
258,284,,6/6/2023
430,349,,6/13/2023
477,73,,6/12/2023
127,352,14,6/12/2023
35,94,,6/13/2023
64,195,,6/21/2023
134,69,,6/14/2023
412,307,3,6/19/2023
66,368,,6/4/2023
166,200,10,6/8/2023
89,275,,6/9/2023
99,111,,6/10/2023
121,282,4,6/21/2023
449,145,6,6/10/2023
441,268,,6/6/2023
183,157,,6/14/2023
476,98,,6/6/2023
135,154,,6/5/2023
435,207,,6/16/2023
139,85,,6/9/2023
269,70,,6/12/2023
374,1,14,6/7/2023
168,370,,6/17/2023
194,20,,6/10/2023
360,185,15,6/7/2023
344,77,2,6/16/2023
418,256,,6/9/2023
10,315,8,6/11/2023
77,345,,6/6/2023
297,3,,6/11/2023
226,224,,6/15/2023
390,264,,6/8/2023
330,144,,6/1/2023
464,254,8,6/17/2023
257,322,,6/15/2023
165,24,1,6/5/2023
458,228,,6/3/2023
428,160,,6/8/2023
148,96,,6/9/2023
230,210,,6/8/2023
422,310,3,6/15/2023
274,296,,6/9/2023
102,302,,6/17/2023
200,10,,6/15/2023
369,316,,6/10/2023
409,341,,6/7/2023
396,99,,6/11/2023
484,123,,6/16/2023
118,213,,6/9/2023
260,139,,6/10/2023
177,156,,6/3/2023
263,29,,6/20/2023
316,15,,6/11/2023
16,355,,6/17/2023
296,339,,6/10/2023
340,312,,6/8/2023
223,163,,6/8/2023
377,333,,6/17/2023
111,166,,6/17/2023
254,60,,6/13/2023
222,121,15,6/8/2023
447,252,,6/4/2023
241,83,,6/5/2023
90,313,,6/16/2023
383,72,,6/14/2023
398,173,,6/7/2023
285,51,,6/11/2023
462,56,6,6/1/2023
73,366,,6/9/2023
242,381,,6/17/2023
460,230,,6/8/2023
25,362,10,6/10/2023
384,131,,6/16/2023
408,225,6,6/11/2023
488,101,,6/5/2023
180,298,,6/10/2023
55,13,,6/8/2023
240,180,,6/5/2023
143,242,,6/10/2023
48,292,,6/15/2023
382,76,,6/19/2023
386,6,11,6/18/2023
201,21,,6/8/2023
480,227,,6/10/2023
501,136,,6/4/2023
95,43,,6/12/2023
446,279,,6/4/2023
228,309,,6/6/2023
444,169,15,6/6/2023
124,222,,6/14/2023
158,382,,6/1/2023
371,306,,6/16/2023
326,371,,6/3/2023
155,7,,6/6/2023
46,62,,6/12/2023
95,287,,6/15/2023
446,175,,6/8/2023
228,285,,6/8/2023
444,271,,6/8/2023
124,276,3,6/12/2023
158,334,,6/2/2023
371,59,,6/15/2023
326,328,,6/7/2023
155,32,,6/2/2023
46,135,14,6/10/2023
473,235,,6/8/2023
86,218,,6/8/2023
170,36,,6/14/2023
189,129,,6/17/2023
298,338,,6/8/2023
497,314,,6/15/2023
72,189,9,6/9/2023
314,331,,6/15/2023
68,357,9,6/11/2023
303,348,,6/8/2023
317,184,,6/12/2023
286,267,,6/16/2023
239,300,,6/15/2023
289,170,,6/8/2023
323,40,,6/8/2023
280,194,,6/9/2023
40,74,13,6/8/2023
454,118,10,6/12/2023
17,361,,6/12/2023
60,337,,6/13/2023
475,55,,6/10/2023
41,290,2,6/6/2023
205,295,,6/11/2023
193,179,,6/8/2023
353,183,,6/13/2023
246,16,,6/16/2023
335,132,14,6/4/2023
216,52,9,6/12/2023
429,299,1,6/7/2023
312,5,15,6/17/2023
402,342,,6/13/2023
138,64,,6/5/2023
104,18,,6/16/2023
478,86,,6/13/2023
179,259,3,6/4/2023
74,289,,6/13/2023
114,4,,6/4/2023
161,174,,6/17/2023
225,92,,6/7/2023
346,165,13,6/14/2023
389,212,10,6/3/2023
437,363,,6/17/2023
414,116,,6/20/2023
184,353,,6/10/2023
221,320,,6/11/2023
313,344,,6/12/2023
411,369,,6/7/2023
442,172,7,6/3/2023
115,164,,6/15/2023
275,100,,6/10/2023
499,243,,6/10/2023
393,236,,6/8/2023
415,128,11,6/10/2023
11,61,,6/10/2023
496,167,12,6/19/2023
270,301,4,6/8/2023
82,54,2,6/12/2023
358,204,8,6/9/2023
112,41,,6/4/2023
235,190,,6/4/2023
217,127,6,6/11/2023
367,110,15,6/17/2023
413,336,13,6/9/2023
252,138,,6/13/2023
329,354,,6/3/2023
214,186,,6/11/2023
203,280,,6/9/2023
308,22,,6/7/2023
345,87,,6/11/2023
261,217,,6/18/2023
43,37,4,6/15/2023
272,231,6,6/12/2023
137,386,,6/12/2023
9,140,,6/13/2023
153,181,,6/6/2023
83,359,,6/11/2023
463,39,,6/18/2023
109,304,,6/13/2023
57,372,13,6/15/2023
305,192,,6/7/2023
357,65,,6/5/2023
276,199,,6/9/2023
117,347,14,6/10/2023
403,330,,6/9/2023
243,124,,6/13/2023
157,384,,6/13/2023
401,176,,6/17/2023
328,294,,6/2/2023
400,120,,6/13/2023
47,244,,6/6/2023
424,219,,6/15/2023
113,248,14,6/7/2023
250,68,13,6/7/2023
431,356,,6/8/2023
247,107,5,6/8/2023
325,103,5,6/9/2023
8,237,,6/7/2023
416,241,15,6/16/2023
327,31,,6/9/2023
87,202,,6/14/2023
342,374,8,6/9/2023
97,27,,6/9/2023
15,255,7,6/8/2023
295,240,5,6/17/2023
375,115,,6/12/2023
122,78,,6/6/2023
63,50,,6/8/2023
20,2,,6/6/2023
337,206,,6/12/2023
363,335,,6/16/2023
300,229,14,6/19/2023
338,327,,6/10/2023
321,25,,6/7/2023
169,326,,6/15/2023
123,79,7,6/9/2023
381,143,14,6/9/2023
190,126,,6/14/2023
215,148,,6/8/2023
293,303,,6/13/2023
171,205,,6/3/2023
419,158,3,6/13/2023
453,152,10,6/5/2023
50,44,,6/12/2023
4,58,8,6/17/2023
232,102,,6/2/2023
486,325,,6/14/2023
130,232,,6/18/2023
38,247,,6/7/2023
500,332,,6/7/2023
439,171,10,6/14/2023
133,33,,6/10/2023
277,365,,6/19/2023
343,286,,6/8/2023
456,91,,6/3/2023
489,119,,6/15/2023
481,351,,6/7/2023
220,291,,6/16/2023
292,95,,6/5/2023
245,293,7,6/10/2023
307,262,,6/6/2023
347,105,9,6/9/2023
405,343,,6/6/2023
333,246,,6/16/2023
129,106,,6/10/2023
279,161,,6/7/2023
290,272,,6/14/2023
465,283,,6/14/2023
22,269,,6/12/2023
59,379,,6/13/2023
445,30,,6/6/2023
466,318,,6/17/2023
204,130,,6/14/2023
174,117,,6/18/2023
67,234,9,6/5/2023
80,198,8,6/8/2023
406,216,8,6/3/2023
237,8,,6/17/2023
467,88,,6/10/2023
372,281,,6/10/2023
266,376,,6/4/2023
79,211,4,6/6/2023
149,223,,6/5/2023
440,162,5,6/10/2023
397,270,,6/15/2023
98,266,,6/8/2023
39,151,3,6/16/2023
490,367,,6/13/2023
24,153,2,6/1/2023
273,11,1,6/16/2023
69,201,,6/16/2023
332,278,,6/9/2023
492,188,6,6/17/2023
304,125,10,6/9/2023
420,48,9,6/14/2023
34,89,12,6/11/2023
100,319,,6/21/2023
491,305,8,6/17/2023
29,46,,6/18/2023
101,208,1,6/6/2023
70,215,3,6/8/2023
470,193,,6/5/2023
438,265,,6/11/2023
209,17,,6/16/2023
378,45,15,6/19/2023
234,375,10,6/14/2023
210,19,,6/20/2023
13,323,,6/13/2023
119,387,,6/14/2023
12,388,1,6/3/2023
379,389,,6/6/2023
368,390,13,6/20/2023
70,391,,6/6/2023
470,392,12,6/8/2023
438,393,,6/10/2023
209,394,,6/12/2023
378,395,8,6/19/2023
234,396,,6/12/2023